<?xml version='1.0'?>
<module>
	<!-- <exporttime>2013-11-12 11:34:54</exporttime> -->
	<name>SMSNotifier</name>
	<label>MOBTexting</label>
	<parent>Sales,Support</parent>
	<version>2.1</version>
	<dependencies>
		<vtiger_version>6.0.0</vtiger_version>
		<vtiger_max_version>7.*</vtiger_max_version>
	</dependencies>
	<license>
		<inline>
<![CDATA[
*************************************************************************************
 * The contents of this file are subject to the vtiger CRM Public License Version 1.2
 * ("License"); You may not use this file except in compliance with the License
 * The Original Code is:  vtiger CRM Open Source
 * The Initial Developer of the Original Code is vtiger.
 * Portions created by vtiger are Copyright (C) vtiger.
 * All Rights Reserved.
 *************************************************************************************
]]>
		</inline>
	</license>

</module>